{
  "simple_reranking": {
    "hit_rate": 0.9333333333333333,
    "precision_k": {
      "1": 0.7333333333333333,
      "3": 0.35555555555555546,
      "5": 0.26666666666666666
    },
    "recall_k": {
      "1": 0.33333333333333326,
      "3": 0.4666666666666666,
      "5": 0.5666666666666667
    },
    "mrr": 0.8111111111111111,
    "ndcg_k": {
      "1": 0.7133333333333334,
      "3": 0.8441554901539842,
      "5": 1.1770807384324458
    },
    "total_queries": 15
  },
  "cross_encoder": {
    "hit_rate": 0.8666666666666667,
    "precision_k": {
      "1": 0.6666666666666666,
      "3": 0.33333333333333326,
      "5": 0.22666666666666668
    },
    "recall_k": {
      "1": 0.3,
      "3": 0.4333333333333333,
      "5": 0.47777777777777775
    },
    "mrr": 0.7666666666666667,
    "ndcg_k": {
      "1": 0.6251851851851852,
      "3": 0.8721641121917986,
      "5": 1.1779971749216038
    },
    "total_queries": 15
  }
}