{
  "baseline": {
    "hit_rate": 0.9333333333333333,
    "precision_k": {
      "1": 0.6,
      "3": 0.3555555555555555,
      "5": 0.24000000000000002
    },
    "recall_k": {
      "1": 0.27777777777777773,
      "3": 0.45555555555555555,
      "5": 0.5000000000000001
    },
    "mrr": 0.7355555555555555,
    "ndcg_k": {
      "1": 0.5866666666666667,
      "3": 0.793512256617473,
      "5": 1.079568124648978
    },
    "total_queries": 15
  },
  "expansion": {
    "hit_rate": 0.9333333333333333,
    "precision_k": {
      "1": 0.4666666666666667,
      "3": 0.35555555555555557,
      "5": 0.2533333333333334
    },
    "recall_k": {
      "1": 0.2222222222222222,
      "3": 0.45555555555555555,
      "5": 0.5444444444444445
    },
    "mrr": 0.6688888888888889,
    "ndcg_k": {
      "1": 0.45333333333333337,
      "3": 0.7258737087383647,
      "5": 1.0532589396357361
    },
    "total_queries": 15
  },
  "rerank": {
    "hit_rate": 0.9333333333333333,
    "precision_k": {
      "1": 0.7333333333333333,
      "3": 0.35555555555555546,
      "5": 0.26666666666666666
    },
    "recall_k": {
      "1": 0.33333333333333326,
      "3": 0.4666666666666666,
      "5": 0.5666666666666667
    },
    "mrr": 0.8111111111111111,
    "ndcg_k": {
      "1": 0.7133333333333334,
      "3": 0.8441554901539842,
      "5": 1.1770807384324458
    },
    "total_queries": 15
  },
  "combined": {
    "hit_rate": 0.9333333333333333,
    "precision_k": {
      "1": 0.6,
      "3": 0.3777777777777778,
      "5": 0.2533333333333334
    },
    "recall_k": {
      "1": 0.27777777777777773,
      "3": 0.4888888888888889,
      "5": 0.5444444444444445
    },
    "mrr": 0.7333333333333335,
    "ndcg_k": {
      "1": 0.5866666666666667,
      "3": 0.7942130064246794,
      "5": 1.0609930297498806
    },
    "total_queries": 15
  }
}