{
  "evaluation_summary": {
    "general": {
      "hit_rate": 0.8666666666666667,
      "precision_k": {
        "1": 0.8,
        "3": 0.35555555555555546,
        "5": 0.22666666666666668
      },
      "recall_k": {
        "1": 0.3555555555555555,
        "3": 0.45555555555555555,
        "5": 0.47777777777777775
      },
      "mrr": 0.8333333333333334,
      "ndcg_k": {
        "1": 0.7585185185185186,
        "3": 0.928647654417489,
        "5": 1.2624709837094164
      },
      "total_queries": 15
    },
    "role_investor": {
      "hit_rate": 0.8571428571428571,
      "precision_k": {
        "1": 0.42857142857142855,
        "3": 0.38095238095238093,
        "5": 0.2571428571428571
      },
      "recall_k": {
        "1": 0.16666666666666666,
        "3": 0.4285714285714285,
        "5": 0.47619047619047616
      },
      "mrr": 0.6,
      "ndcg_k": {
        "1": 0.42857142857142855,
        "3": 0.5872590361773609,
        "5": 0.786730459302796
      },
      "total_queries": 7
    },
    "role_researcher": {
      "hit_rate": 1.0,
      "precision_k": {
        "1": 1.0,
        "3": 0.3333333333333333,
        "5": 0.2
      },
      "recall_k": {
        "1": 0.5,
        "3": 0.5,
        "5": 0.5
      },
      "mrr": 1.0,
      "ndcg_k": {
        "1": 0.95,
        "3": 1.2911951639497554,
        "5": 1.7865610769289795
      },
      "total_queries": 4
    },
    "role_user": {
      "hit_rate": 1.0,
      "precision_k": {
        "1": 0.5,
        "3": 0.3333333333333333,
        "5": 0.25
      },
      "recall_k": {
        "1": 0.25,
        "3": 0.4583333333333333,
        "5": 0.5416666666666666
      },
      "mrr": 0.7083333333333334,
      "ndcg_k": {
        "1": 0.5,
        "3": 0.6567724850553869,
        "5": 0.8850410867247946
      },
      "total_queries": 4
    }
  },
  "total_test_queries": 15
}